ticker,reason
VSNT,Insufficient price data
BRK.B,Insufficient price data
"3.MONTH, MATURE",Insufficient price data
SQ,Insufficient price data
UST1,Insufficient price data
SOLSV,Insufficient price data
BNRE,Insufficient price data
OSLE,Insufficient price data
BOTA,Insufficient price data
UPHN,Insufficient price data
CVCI,Insufficient price data
AZSEY,Insufficient price data
BT,Insufficient price data
BNP,Insufficient price data
JTAIW,Insufficient price data
ICNT,Insufficient price data
GCVRZ,Insufficient price data
SACH-P-A,Insufficient price data
MIAM,Insufficient price data
KAL,Insufficient price data
FI,Insufficient price data
ELN,Insufficient price data
CEC,Insufficient price data
VRNG,Insufficient price data
LENB_FAILED,Insufficient price data
AMR1,Insufficient price data
IMSC,Insufficient price data
AAIN,Insufficient price data
BLL,Insufficient price data
MODN,Insufficient price data
EXCU,Insufficient price data
GBNE,Insufficient price data
BIRT,Insufficient price data
"GLAS FUNDS, LP",Insufficient price data
BEAV,Insufficient price data
SDLP,Insufficient price data
RC-P-D,Insufficient price data
PERC,Insufficient price data
STRZA,Insufficient price data
ERTS,Insufficient price data
NDRE,Insufficient price data
JASN1,Insufficient price data
MTCH1,Insufficient price data
CISC,Insufficient price data
LOLI,Insufficient price data
T-P-A,Insufficient price data
WE,Insufficient price data
ERKA,Insufficient price data
NCMV,Insufficient price data
BIAC,Insufficient price data
ATEST-A,Insufficient price data
LAWS,Insufficient price data
HUD,Insufficient price data
MPET,Insufficient price data
GLAS,Insufficient price data
SPOR,Insufficient price data
XMEX,Insufficient price data
COLPAL,Insufficient price data
AMRZ,'NoneType' object is not subscriptable
PRAI,Insufficient price data
FTVW,Insufficient price data
BF.B,Insufficient price data
BKDT,Insufficient price data
ARIS,Insufficient price data
GLA,Insufficient price data
ARES,'NoneType' object is not subscriptable
PRXI,Insufficient price data
HEI.A,Insufficient price data
SKX,Insufficient price data
PPBI,Insufficient price data
EOAN,Insufficient price data
SARAQ,Insufficient price data
WBA,Insufficient price data
TFF,Insufficient price data
TOR,Insufficient price data
AONE,Insufficient price data
FBHS,Insufficient price data
AMED,Insufficient price data
FSR,Insufficient price data
AAM-PA,Insufficient price data
BHLB,Insufficient price data
UPLM,Insufficient price data
CONN,Insufficient price data
ANSS,Insufficient price data
ISHC,Insufficient price data
SPRI1,Insufficient price data
HW,Insufficient price data
IDI,Insufficient price data
SWTX,Insufficient price data
AIC1,Insufficient price data
CHX,Insufficient price data
SYMBOL: OGVXX,Insufficient price data
FNSXX,Insufficient price data
X,Insufficient price data
BRKL,Insufficient price data
RDS-A,Insufficient price data
USBC1,Insufficient price data
SIE,Insufficient price data
TAK-W,Insufficient price data
SYMBOL: AIVSX,Insufficient price data
SYMBOL: CWGIX,Insufficient price data
PWRS,Insufficient price data
SYMBOL,Insufficient price data
SYMBOL: AGTHX,Insufficient price data
SYMBOL: AEPGX,Insufficient price data
USAB,Insufficient price data
SOLANA,Insufficient price data
HSBA,Insufficient price data
NTEST,Insufficient price data
INZ,Insufficient price data
ETW1,Insufficient price data
RIPPLE,Insufficient price data
BITCOIN,Insufficient price data
DFS,Insufficient price data
TE1,Insufficient price data
SRM,Insufficient price data
ICAPITAL,Insufficient price data
ATEST,Insufficient price data
DTV1,Insufficient price data
BRK.A,Insufficient price data
CHERB,Insufficient price data
DNB,Insufficient price data
EFAX1,Insufficient price data
BAC1,Insufficient price data
RPXC,Insufficient price data
GEER,Insufficient price data
ITCI,Insufficient price data
TROY,Insufficient price data
SCMY,Insufficient price data
ZOOM,Insufficient price data
PETRY,Insufficient price data
TCYMY,Insufficient price data
GLAS FUNDS,Insufficient price data
TPX,Insufficient price data
FNA,Insufficient price data
JNPR,Insufficient price data
DM,Insufficient price data
ARINA,Insufficient price data
BRK,Insufficient price data
SMCYY,Insufficient price data
USNC,Insufficient price data
COLV,Insufficient price data
UHID,Insufficient price data
WRB-PG,Insufficient price data
BERY,Insufficient price data
AHL.C,Insufficient price data
TPUB,Insufficient price data
EFC$D,Insufficient price data
HDNG,"Invalid value '0' for dtype 'str'. Value should be a string or missing value, got 'int' instead."
NAIT,Insufficient price data
EQC,Insufficient price data
AY,Insufficient price data
AZPN,Insufficient price data
T$A,Insufficient price data
"4.WEEK, MATURE",Insufficient price data
ASFI,Insufficient price data
SNRE,Insufficient price data
EQV,Insufficient price data
EIR,Insufficient price data
ASTM,Insufficient price data
WY.Z,Insufficient price data
HCN,Insufficient price data
MATURE,Insufficient price data
DALN,Insufficient price data
APPL,Insufficient price data
"WMT, SBUX, BRKB AND AAPL",Insufficient price data
MSDA,Insufficient price data
CHRB,Insufficient price data
LSXMK,Insufficient price data
LSXMA,Insufficient price data
BECN,Insufficient price data
INFN,Insufficient price data
WB1,Insufficient price data
CHUY,Insufficient price data
BRKB,Insufficient price data
LNCB,Insufficient price data
CSAL,Insufficient price data
MRO,Insufficient price data
ETRN,Insufficient price data
LGF.B,Insufficient price data
LEARQ,Insufficient price data
UN,Insufficient price data
CPHD,Insufficient price data
ILG,"Invalid value '0' for dtype 'str'. Value should be a string or missing value, got 'int' instead."
ADT1,Insufficient price data
MICRD,Insufficient price data
IXNZF,Insufficient price data
PARA,Insufficient price data
USBI,Insufficient price data
"1.MONTH, MATURE",Insufficient price data
EPOKY,Insufficient price data
PYCR,Insufficient price data
CTLT,Insufficient price data
WRK,Insufficient price data
WPZ,"Invalid value '0' for dtype 'str'. Value should be a string or missing value, got 'int' instead."
FNFV.V,Insufficient price data
BRP,Insufficient price data
PXD,Insufficient price data
SSBK,Insufficient price data
GOGL,Insufficient price data
NOLD,Insufficient price data
STAR,Insufficient price data
MCVT,Insufficient price data
NS,Insufficient price data
BAC$I,Insufficient price data
CTEST,Insufficient price data
ERJ,Insufficient price data
HES,Insufficient price data
GE-W,Insufficient price data
MLOG,Insufficient price data
ALTM,Insufficient price data
KEA,Insufficient price data
KOMN,Insufficient price data
NYCB,Insufficient price data
LLY-WD,Insufficient price data
DUK$A,Insufficient price data
GM-WSA,Insufficient price data
STIX,Insufficient price data
HAMILTO,Insufficient price data
AMEH,Insufficient price data
FLT,Insufficient price data
MAG,Insufficient price data
INST,Insufficient price data
"6.MONTH, MATURE",Insufficient price data
FEI,Insufficient price data
ATNF,Insufficient price data
PEAK,Insufficient price data
LTHM,Insufficient price data
KLG,Insufficient price data
AAIC$B,Insufficient price data
VMW,Insufficient price data
CEQP,Insufficient price data
CDAY,Insufficient price data
INS,Insufficient price data
LG,Insufficient price data
PUMP1,Insufficient price data
SGEN,Insufficient price data
NEP,Insufficient price data
FMBA,Insufficient price data
ATRN,Insufficient price data
SHYF,Insufficient price data
TWKS,Insufficient price data
ATVI,Insufficient price data
"13.WEEK, MATURE",Insufficient price data
SCHW$D,Insufficient price data
RVNC,Insufficient price data
TAAL,Insufficient price data
EMEX,Insufficient price data
MMP,Insufficient price data
BRDS,Insufficient price data
AAM$A,Insufficient price data
AUMA,Insufficient price data
VGR,Insufficient price data
RGBM,Insufficient price data
GPP,Insufficient price data
VBTX,Insufficient price data
JNC,Insufficient price data
STT-P-E-CL,Insufficient price data
DNAY,Insufficient price data
ABC,Insufficient price data
CNHI,Insufficient price data
WTT,Insufficient price data
LTHM-W,Insufficient price data
BLOC-U,Insufficient price data
ATX,Insufficient price data
VIAC,Insufficient price data
EVBG,Insufficient price data
AYX,Insufficient price data
HHC,Insufficient price data
ROIC,Insufficient price data
SGH,Insufficient price data
PARAA,Insufficient price data
LSI,Insufficient price data
BGNE,Insufficient price data
UBA,Insufficient price data
HDELY,Insufficient price data
ITTOY,Insufficient price data
SAXPY,'NoneType' object is not subscriptable
NCMGY,Insufficient price data
FRRVY,Insufficient price data
LOGI,'NoneType' object is not subscriptable
YAMHY,Insufficient price data
SMFKY,Insufficient price data
PANDY,Insufficient price data
ARCH,Insufficient price data
"8.WEEK, MATURE",Insufficient price data
DISH,Insufficient price data
ATUS,Insufficient price data
APPY,Insufficient price data
SRE$A,Insufficient price data
ARGO,Insufficient price data
YNDX,Insufficient price data
KASP,Insufficient price data
ET-PC,Insufficient price data
BELGIUM,Insufficient price data
SIRE,Insufficient price data
WBK,Insufficient price data
AGR,Insufficient price data
STATE OF,Insufficient price data
ABB,Insufficient price data
REVH,Insufficient price data
AQUA,Insufficient price data
CCCS,Insufficient price data
TLP,Insufficient price data
MRTX,Insufficient price data
OCIP,"Invalid value '0' for dtype 'str'. Value should be a string or missing value, got 'int' instead."
MDGS,Insufficient price data
KRTX,Insufficient price data
CSII,Insufficient price data
LMST,Insufficient price data
DPSGY,Insufficient price data
CIIG,Insufficient price data
VAST,Insufficient price data
LTRPA,Insufficient price data
CS,Insufficient price data
FRC,Insufficient price data
FRC-PL,Insufficient price data
PKI,Insufficient price data
SIVB,Insufficient price data
PACW,Insufficient price data
RTN,Insufficient price data
SILK,Insufficient price data
TOSYY,Insufficient price data
MATURIT,Insufficient price data
CANO,Insufficient price data
HZNP,Insufficient price data
SWAV,Insufficient price data
WIW,Insufficient price data
MAXR,Insufficient price data
SYNH,Insufficient price data
ESALY,Insufficient price data
BAC.PL,Insufficient price data
RDSMY,Insufficient price data
CTEST-O,Insufficient price data
4.WEEK MATURE,Insufficient price data
13.WEEK MATURE,Insufficient price data
SAND,Insufficient price data
LSXMR,Insufficient price data
SPLK,Insufficient price data
RNWK,Insufficient price data
CNE1,Insufficient price data
INSW.V,Insufficient price data
MNRL,Insufficient price data
TELL,Insufficient price data
ATHA,'NoneType' object is not subscriptable
CMTG,Insufficient price data
RLMD,Insufficient price data
XPRO,Insufficient price data
AGO,Insufficient price data
ZI,Insufficient price data
DSEY,Insufficient price data
AZEK,Insufficient price data
BKI,Insufficient price data
CLR,Insufficient price data
ZIMV,Insufficient price data
SSLTY,Insufficient price data
TREASURY INFLATIO,Insufficient price data
6.MONTH,Insufficient price data
WNRP,Insufficient price data
COUP,Insufficient price data
HSAC,Insufficient price data
TLRN,Insufficient price data
ENOB,Insufficient price data
BCEL,Insufficient price data
ABMD,Insufficient price data
LMCA,Insufficient price data
TWTR,Insufficient price data
WAVC,Insufficient price data
AE,Insufficient price data
RE,Insufficient price data
SHCR,Insufficient price data
CCXI,Insufficient price data
PLL,Insufficient price data
BRCM,Insufficient price data
ISEE,Insufficient price data
SYMC,Insufficient price data
ETAK,Insufficient price data
VTNR,Insufficient price data
BRMK,Insufficient price data
NID,Insufficient price data
MFH,Insufficient price data
CVET,Insufficient price data
ECOM,Insufficient price data
TX1,Insufficient price data
BKEPP,Insufficient price data
HIL,Insufficient price data
MEAT,Insufficient price data
ACC,Insufficient price data
MS$P,Insufficient price data
PYPLV,Insufficient price data
IACI,Insufficient price data
ASBC,Insufficient price data
CDEV,Insufficient price data
GNKOQ,Insufficient price data
VTRSV,Insufficient price data
TNOX,Insufficient price data
ESTE,Insufficient price data
ANTM,Insufficient price data
CWEN.A,Insufficient price data
RTL,Insufficient price data
LHCG,Insufficient price data
LGF-A,Insufficient price data
PLAN,Insufficient price data
CPE,Insufficient price data
ALLK,Insufficient price data
ORCC,Insufficient price data
NEX,Insufficient price data
CTXS,Insufficient price data
CERN,Insufficient price data
U 3%25CD,Insufficient price data
MLHR,Insufficient price data
EKO,Insufficient price data
SMAR,Insufficient price data
STOR,Insufficient price data
BF.A,Insufficient price data
ALTE,Insufficient price data
MTBC,Insufficient price data
METCL,Insufficient price data
DRE,Insufficient price data
CDK,Insufficient price data
MSG,Insufficient price data
AVLR,Insufficient price data
Y,Insufficient price data
DJO,Insufficient price data
NEE$Q,Insufficient price data
COHM,Insufficient price data
BAMH,Insufficient price data
KVCO,Insufficient price data
ELOT,Insufficient price data
PETQ,Insufficient price data
SDC,Insufficient price data
SCG,"Invalid value '0' for dtype 'str'. Value should be a string or missing value, got 'int' instead."
ECOL,Insufficient price data
ANFI1,Insufficient price data
FTD,Insufficient price data
T+A,Insufficient price data
NDZ,Insufficient price data
HCAR,Insufficient price data
OMG,Insufficient price data
TBIG,Insufficient price data
PEI,Insufficient price data
BTVCY,Insufficient price data
DNHBY,Insufficient price data
SKHCY,Insufficient price data
NTT,Insufficient price data
VOLVY,Insufficient price data
BANC$E,Insufficient price data
KMI.W,Insufficient price data
IAA,Insufficient price data
NUAN1,Insufficient price data
PBCT,Insufficient price data
ENLC,Insufficient price data
DISCA,Insufficient price data
ABVT,Insufficient price data
WYN,Insufficient price data
GPS,Insufficient price data
PSXP,Insufficient price data
NUVA,Insufficient price data
MNDT,Insufficient price data
ECHO,Insufficient price data
PBFX,Insufficient price data
AXTE,Insufficient price data
AXHE,Insufficient price data
ADS,Insufficient price data
ZEN,Insufficient price data
HTZWW,Insufficient price data
AYRO,Insufficient price data
FUND 2 LTH,Insufficient price data
FUND 2,Insufficient price data
SRLP,Insufficient price data
CUL,Insufficient price data
FTCH,Insufficient price data
ZNGA,Insufficient price data
ALLG,Insufficient price data
MJCO,Insufficient price data
IS,Insufficient price data
BKEP,Insufficient price data
SCU,Insufficient price data
SHLX,Insufficient price data
CEM,Insufficient price data
ASXC,Insufficient price data
WRK.V,Insufficient price data
PMF,Insufficient price data
CORPORAT,Insufficient price data
FEIC,Insufficient price data
JMU,Insufficient price data
LANC,Insufficient price data
CTAA,Insufficient price data
KPLTW,Insufficient price data
OFC,Insufficient price data
CONE,Insufficient price data
FSCI,Insufficient price data
ENBL,Insufficient price data
STZ-B,Insufficient price data
DWAC,Insufficient price data
CARDONA,Insufficient price data
EYE1,Insufficient price data
MFCB1,Insufficient price data
BEAS,Insufficient price data
GCGMF,Insufficient price data
FEYE,Insufficient price data
WLTW,Insufficient price data
BDT,Insufficient price data
EGGF,Insufficient price data
FNFN,Insufficient price data
AVYA,Insufficient price data
RLGY,Insufficient price data
CBS,Insufficient price data
CREE,Insufficient price data
THX,Insufficient price data
LMRK,Insufficient price data
SONC,Insufficient price data
ESGC,Insufficient price data
NGAU,Insufficient price data
MTBL,Insufficient price data
ROLL,Insufficient price data
ORAN,Insufficient price data
RDSA,Insufficient price data
QTS,Insufficient price data
"MONTGOMERY, AL .2, SCHAUMBERG, IL .1",Insufficient price data
ALXN,Insufficient price data
NLOK,Insufficient price data
LTD,Insufficient price data
AESE,Insufficient price data
PJAM,Insufficient price data
FDRXX,Insufficient price data
MRIN,Insufficient price data
SUM,Insufficient price data
CFX,Insufficient price data
TRIT,Insufficient price data
CBRG,Insufficient price data
BHI,Insufficient price data
STAY,Insufficient price data
ALYF,Insufficient price data
TCF,Insufficient price data
MANT,Insufficient price data
NTBKQ,Insufficient price data
TPCO,Insufficient price data
FFG,Insufficient price data
VVNT,Insufficient price data
BRKS,Insufficient price data
BOWX,Insufficient price data
APPAD,Insufficient price data
FL4.SG,Insufficient price data
QRTEA,Insufficient price data
LL,Insufficient price data
GSS,Insufficient price data
GFN,Insufficient price data
EGIO,Insufficient price data
EMKR,Insufficient price data
PART INTEREST,Insufficient price data
VAR,Insufficient price data
BPMP,Insufficient price data
NUAN,Insufficient price data
GAN,Insufficient price data
CMLTU,Insufficient price data
CLRCW,Insufficient price data
ETWO.W,Insufficient price data
QRTEP,Insufficient price data
NASDAQ,Insufficient price data
NMFS,Insufficient price data
AMDA,Insufficient price data
DG1,Insufficient price data
ACST,Insufficient price data
RDS.A,Insufficient price data
CMLFU,Insufficient price data
D/B/A ELLIOTT,Insufficient price data
PFPT,Insufficient price data
VIVO,Insufficient price data
APHA,Insufficient price data
DGNR,Insufficient price data
LUKOY,Insufficient price data
RDS.B,Insufficient price data
UNVR,Insufficient price data
ATH,Insufficient price data
RP,Insufficient price data
SOLO,Insufficient price data
SC,Insufficient price data
HRC,Insufficient price data
SACM,Insufficient price data
WYND,Insufficient price data
XEC,Insufficient price data
CLGX,Insufficient price data
GRUB,Insufficient price data
ARNA,Insufficient price data
WCLX,Insufficient price data
SFE,Insufficient price data
QUMU,Insufficient price data
DMTK,Insufficient price data
EVOP,Insufficient price data
LMACU,Insufficient price data
NYMX,Insufficient price data
JIH,Insufficient price data
PCPL,Insufficient price data
CEMCF,Insufficient price data
NCMGF,Insufficient price data
VIV.V,Insufficient price data
AUY,Insufficient price data
WAIR,Insufficient price data
FSKR,Insufficient price data
AJRD,Insufficient price data
TIF,Insufficient price data
CHNG,Insufficient price data
FLIR,Insufficient price data
PCPL.U,Insufficient price data
BHGE,Insufficient price data
RETA,Insufficient price data
PSTH,Insufficient price data
HDS,Insufficient price data
CHL,Insufficient price data
NGLS,Insufficient price data
ARNC,Insufficient price data
CATM,Insufficient price data
RAD,Insufficient price data
DNKN,Insufficient price data
SNE,Insufficient price data
PRAH,Insufficient price data
KRON,Insufficient price data
AUROW,Insufficient price data
ZUO,Insufficient price data
BLUE,Insufficient price data
WORK,Insufficient price data
LTRPB,Insufficient price data
CCMP,Insufficient price data
BGG,Insufficient price data
GMLP,Insufficient price data
SWN,Insufficient price data
CTRCF,Insufficient price data
VRTU,Insufficient price data
IPHI,Insufficient price data
SMLP,Insufficient price data
ATASY,Insufficient price data
MFGP,Insufficient price data
TLSYY,Insufficient price data
ANZBY,Insufficient price data
CSLT,Insufficient price data
CAJ,Insufficient price data
MRWSY,Insufficient price data
NTXFY,Insufficient price data
WOPEY,Insufficient price data
MPLN,Insufficient price data
GLOP,Insufficient price data
GWPH,Insufficient price data
SAGE,Insufficient price data
XLNX,Insufficient price data
DSCO,Insufficient price data
APEN,Insufficient price data
NBLX,Insufficient price data
WPX,Insufficient price data
FXENP,Insufficient price data
EBSB,Insufficient price data
CRY,Insufficient price data
LGFA,Insufficient price data
CMLF,Insufficient price data
NBL,Insufficient price data
ETFC,Insufficient price data
HEN3,Insufficient price data
BREW,Insufficient price data
BBCN,Insufficient price data
SVCBY,Insufficient price data
DRQ,Insufficient price data
HACH,Insufficient price data
UMR,Insufficient price data
ACQR,Insufficient price data
CCXX,Insufficient price data
ICOR2,Insufficient price data
SKVKY,Insufficient price data
BGFV,Insufficient price data
DCP,Insufficient price data
HFC,Insufficient price data
MXIM,Insufficient price data
SPKE,Insufficient price data
CXO,Insufficient price data
RXN,Insufficient price data
NKLA,Insufficient price data
TMUSR,Insufficient price data
MSBHY,Insufficient price data
VSLR,Insufficient price data
LEN.B,Insufficient price data
BLFSD,Insufficient price data
TFFP,Insufficient price data
NVIGF,Insufficient price data
OCAI,Insufficient price data
NLSN,Insufficient price data
WWE,Insufficient price data
CTRL1,Insufficient price data
ATH-PC,Insufficient price data
TDA,Insufficient price data
ETP,"Invalid value '0' for dtype 'str'. Value should be a string or missing value, got 'int' instead."
AGN,Insufficient price data
CMD,Insufficient price data
CTECBX,Insufficient price data
BIF,Insufficient price data
CTL,Insufficient price data
LBDAV,Insufficient price data
POEFF,Insufficient price data
DEACU,Insufficient price data
PS,Insufficient price data
TCP,Insufficient price data
TMCI1,Insufficient price data
UTX,Insufficient price data
EQM,Insufficient price data
SIX,Insufficient price data
MSG-W,Insufficient price data
JWN,Insufficient price data
LGF.A,Insufficient price data
HAYN,Insufficient price data
JEC,Insufficient price data
GCI,Insufficient price data
CLNY,Insufficient price data
AIMC,Insufficient price data
MTSC,Insufficient price data
WBC,Insufficient price data
DISCK,Insufficient price data
FPL,Insufficient price data
WDR,Insufficient price data
TSC,Insufficient price data
SOI,Insufficient price data
MRC,Insufficient price data
SMMCU,Insufficient price data
TBK,Insufficient price data
NGHC,Insufficient price data
NESC,Insufficient price data
HBMD,Insufficient price data
MGLN,Insufficient price data
INDG,Insufficient price data
CORE,Insufficient price data
ALBK,Insufficient price data
PLYA,Insufficient price data
LMFAU,Insufficient price data
SPCBQ,Insufficient price data
DSW,Insufficient price data
NPTN,Insufficient price data
AAN,Insufficient price data
HTA,Insufficient price data
TLND,Insufficient price data
CEMI,Insufficient price data
SZEVY,Insufficient price data
CCLAY,Insufficient price data
WCAGY,Insufficient price data
TOO,Insufficient price data
RBS,Insufficient price data
SWMAY,Insufficient price data
PDYPY,Insufficient price data
NATI,Insufficient price data
GEAGY,Insufficient price data
PCRFY,Insufficient price data
HLUYY,Insufficient price data
SNP,Insufficient price data
PYPL1,Insufficient price data
NVEE,Insufficient price data
JBT,Insufficient price data
JMP,Insufficient price data
VVI,Insufficient price data
LDL,Insufficient price data
AXNT,Insufficient price data
ONTY,Insufficient price data
GEPT,Insufficient price data
NEWR,Insufficient price data
ENV,Insufficient price data
HZN,Insufficient price data
COG,Insufficient price data
SRCL,Insufficient price data
EDAC,Insufficient price data
RFXCQ,Insufficient price data
PRSP,Insufficient price data
DOMA,Insufficient price data
KSU,Insufficient price data
TCO,Insufficient price data
POL,Insufficient price data
WMGI,Insufficient price data
KL,Insufficient price data
GSAH,Insufficient price data
WCG,Insufficient price data
LPT,Insufficient price data
GRA,Insufficient price data
FMCMF,Insufficient price data
GCP,Insufficient price data
STL,Insufficient price data
CY,Insufficient price data
NCR,Insufficient price data
ETRADE,Insufficient price data
TMUSP,Insufficient price data
TSS,Insufficient price data
LRLSQ,Insufficient price data
SPN,Insufficient price data
CBPX,Insufficient price data
VIAB,Insufficient price data
MYL,Insufficient price data
CLNC,Insufficient price data
CELG,Insufficient price data
DDAIF,Insufficient price data
ECA,Insufficient price data
TRHC,Insufficient price data
NGM,Insufficient price data
AYR,Insufficient price data
IBKC,Insufficient price data
IIVI,Insufficient price data
MN,Insufficient price data
12/01/37,Insufficient price data
CBM,Insufficient price data
PINC,Insufficient price data
TWOU,Insufficient price data
TLRA,Insufficient price data
ERI,Insufficient price data
SBUFQ,Insufficient price data
3V64.TI,Insufficient price data
LM,Insufficient price data
BPL,Insufficient price data
UPMKY,Insufficient price data
FL,Insufficient price data
SNH,Insufficient price data
GFSZY,Insufficient price data
DNSKY,Insufficient price data
ETM,Insufficient price data
TVTY,Insufficient price data
DUE 7/01/20,Insufficient price data
APC,Insufficient price data
MDSO,Insufficient price data
TUP,Insufficient price data
MGP,Insufficient price data
COT,Insufficient price data
TTS,Insufficient price data
DUE 10/01/37,Insufficient price data
DUE 08/01/25,Insufficient price data
MINI,Insufficient price data
ANDX,Insufficient price data
PDCE,Insufficient price data
RHT,Insufficient price data
TFCF,Insufficient price data
WLL,Insufficient price data
BAMXY,Insufficient price data
HUB.A,Insufficient price data
SNHNI,Insufficient price data
WAGE,Insufficient price data
LLL,Insufficient price data
CXP,Insufficient price data
UMPQ,Insufficient price data
TMK,Insufficient price data
HCP,Insufficient price data
GBT,Insufficient price data
BXS,Insufficient price data
SRC,Insufficient price data
FII,Insufficient price data
RDUS,Insufficient price data
FBC,Insufficient price data
AESC,Insufficient price data
GMS,Insufficient price data
RDSA.AS,Insufficient price data
MDCA,Insufficient price data
QEP,Insufficient price data
FDC,Insufficient price data
OOM,Insufficient price data
LOGM,Insufficient price data
SGNL,Insufficient price data
VER,Insufficient price data
XOG,Insufficient price data
UFHI,Insufficient price data
SQSP,Insufficient price data
ROAN,Insufficient price data
PDRDY,Insufficient price data
DWDP,Insufficient price data
GMXAY,Insufficient price data
RYDBF,Insufficient price data
NJ,Insufficient price data
OOCP,Insufficient price data
AVP,Insufficient price data
CTRL,Insufficient price data
ESGR,Insufficient price data
RATL,Insufficient price data
HPT,Insufficient price data
07/01/36,Insufficient price data
07/01/28,Insufficient price data
CAP,Insufficient price data
RDFN,Insufficient price data
SCHN,Insufficient price data
LEXEA,Insufficient price data
ICPT,Insufficient price data
WP,Insufficient price data
UBNT,Insufficient price data
BIG,Insufficient price data
VCRA,Insufficient price data
ADSW,Insufficient price data
NTDMF,Insufficient price data
SWH,Insufficient price data
II,Insufficient price data
SUP,Insufficient price data
ELLI,Insufficient price data
MRET,Insufficient price data
DUK PA,Insufficient price data
JCOM,Insufficient price data
WGHPY,Insufficient price data
HA,Insufficient price data
AHONY,Insufficient price data
BGCP,Insufficient price data
CNSL,Insufficient price data
PNM,Insufficient price data
CHEUY,Insufficient price data
DCM,Insufficient price data
HRS,Insufficient price data
FFHRX,Insufficient price data
PER,Insufficient price data
RCII,Insufficient price data
TFCFA,Insufficient price data
DOOR,Insufficient price data
CTRP,Insufficient price data
CTB,Insufficient price data
XENT,Insufficient price data
DPLO,Insufficient price data
APU,Insufficient price data
WES2,Insufficient price data
CNXM,Insufficient price data
SPKEP,Insufficient price data
CINR,Insufficient price data
PE,Insufficient price data
ZAYO,Insufficient price data
SAVE,Insufficient price data
ORBK,Insufficient price data
AOL,Insufficient price data
ATHN,Insufficient price data
PSB,Insufficient price data
UFS,Insufficient price data
EASTW,Insufficient price data
ANCX,"Invalid value '0' for dtype 'str'. Value should be a string or missing value, got 'int' instead."
TNTOF,Insufficient price data
SNHY,Insufficient price data
OPI,Insufficient price data
BEL,Insufficient price data
LABL,Insufficient price data
AOBC,Insufficient price data
FDC1,Insufficient price data
SMTX,Insufficient price data
TSPT,Insufficient price data
WBR,Insufficient price data
PTEST,Insufficient price data
PEGI,Insufficient price data
ESL,Insufficient price data
PTLA,Insufficient price data
ARAV,Insufficient price data
MIC,Insufficient price data
BKCC,Insufficient price data
SMTA,Insufficient price data
GOV,Insufficient price data
LN,Insufficient price data
AMCRY,Insufficient price data
NRBAY,Insufficient price data
INGIY,Insufficient price data
SHPG,"Invalid value '0' for dtype 'str'. Value should be a string or missing value, got 'int' instead."
VLP,"Invalid value '0' for dtype 'str'. Value should be a string or missing value, got 'int' instead."
LM09.SG,Insufficient price data
KORS,Insufficient price data
SAFM,Insufficient price data
XON,Insufficient price data
WGP,Insufficient price data
BBAVY,Insufficient price data
EQGP,"Invalid value '0' for dtype 'str'. Value should be a string or missing value, got 'int' instead."
BBL,Insufficient price data
AMGP,Insufficient price data
WBT,Insufficient price data
AET,"Invalid value '0' for dtype 'str'. Value should be a string or missing value, got 'int' instead."
TKPYY,Insufficient price data
TI,Insufficient price data
CDR,Insufficient price data
MTZPY,Insufficient price data
ACGPF,Insufficient price data
ARRS,Insufficient price data
NRZ,Insufficient price data
HBP,Insufficient price data
VSM,Insufficient price data
PDLB1,Insufficient price data
TCN,Insufficient price data
ETE,Insufficient price data
GTX-W,Insufficient price data
MOCO,Insufficient price data
TALX,Insufficient price data
CIXX,Insufficient price data
RVI,Insufficient price data
CBLK,Insufficient price data
ONE SHARE FOR ONE SHARE,Insufficient price data
SAGI,Insufficient price data
GLG2,Insufficient price data
SINT1,Insufficient price data
CADT,Insufficient price data
GWR,Insufficient price data
EDR,Insufficient price data
IDTI,Insufficient price data
ANDV,"Invalid value '0' for dtype 'str'. Value should be a string or missing value, got 'int' instead."
CCH,Insufficient price data
CUTR,Insufficient price data
TCB,Insufficient price data
OZM,Insufficient price data
DLPH,Insufficient price data
NYLD,Insufficient price data
GOOCV,Insufficient price data
TANN,Insufficient price data
TIS,Insufficient price data
ALIN-P-E,Insufficient price data
WPG,Insufficient price data
IIN,Insufficient price data
BAF,Insufficient price data
ISN,Insufficient price data
RMP,"Invalid value '0' for dtype 'str'. Value should be a string or missing value, got 'int' instead."
CLNS,Insufficient price data
CRHC,Insufficient price data
MDLY,Insufficient price data
VRAY,Insufficient price data
MDLG,Insufficient price data
NORTHWESTER,Insufficient price data
TWX,"Invalid value '0' for dtype 'str'. Value should be a string or missing value, got 'int' instead."
OZRK,Insufficient price data
FCEA,Insufficient price data
URS,Insufficient price data
AHGP,"Invalid value '0' for dtype 'str'. Value should be a string or missing value, got 'int' instead."
TTM,Insufficient price data
KMG,"Invalid value '0' for dtype 'str'. Value should be a string or missing value, got 'int' instead."
DPS,Insufficient price data
APY,Insufficient price data
MIK,Insufficient price data
QVCA,Insufficient price data
LUK,Insufficient price data
GLFD,Insufficient price data
ALLY.A,Insufficient price data
CHK,Insufficient price data
SEP,"Invalid value '0' for dtype 'str'. Value should be a string or missing value, got 'int' instead."
GUA-CL,Insufficient price data
TEP,"Invalid value '0' for dtype 'str'. Value should be a string or missing value, got 'int' instead."
INVESTMEN,Insufficient price data
OCI,Insufficient price data
ACXM,Insufficient price data
SKYAY,"Invalid value '0' for dtype 'str'. Value should be a string or missing value, got 'int' instead."
FINL,"Invalid value '0' for dtype 'str'. Value should be a string or missing value, got 'int' instead."
NYLD.A,Insufficient price data
YTEN,Insufficient price data
VRNT,Insufficient price data
LVNTA,Insufficient price data
AABA,Insufficient price data
FNGN,Insufficient price data
MNK,Insufficient price data
FTSI,Insufficient price data
IGAF,Insufficient price data
CVA,Insufficient price data
CMCSK,Insufficient price data
BGEN,Insufficient price data
APTS,Insufficient price data
CSRA,"Invalid value '0' for dtype 'str'. Value should be a string or missing value, got 'int' instead."
RJD,Insufficient price data
PDCO,Insufficient price data
MHLD,Insufficient price data
HIFR,Insufficient price data
IILG,Insufficient price data
TNTR,Insufficient price data
CNSO,Insufficient price data
NILSY,Insufficient price data
HPQ-W,Insufficient price data
OA,"Invalid value '0' for dtype 'str'. Value should be a string or missing value, got 'int' instead."
HIBB,Insufficient price data
TTP,Insufficient price data
AXE,Insufficient price data
VNTV,Insufficient price data
CBG,Insufficient price data
GXP,"Invalid value '0' for dtype 'str'. Value should be a string or missing value, got 'int' instead."
FIT,Insufficient price data
OAK,Insufficient price data
OREX,Insufficient price data
LVLT,Insufficient price data
DATA,Insufficient price data
EXPEA,Insufficient price data
AKRX,Insufficient price data
AFT,Insufficient price data
POT,Insufficient price data
ESV,Insufficient price data
TEGP,Insufficient price data
FSD,Insufficient price data
INWK,Insufficient price data
LKSD,Insufficient price data
AFSI,"Invalid value '0' for dtype 'str'. Value should be a string or missing value, got 'int' instead."
ITYBY,Insufficient price data
THE,Insufficient price data
TWX1,Insufficient price data
KMI1,Insufficient price data
LNCOQ,Insufficient price data
C-WS-A,Insufficient price data
TSNU,Insufficient price data
PTMK,Insufficient price data
PLD1,Insufficient price data
APTV-W,Insufficient price data
SWT,Insufficient price data
BARZ1,Insufficient price data
WFC1,Insufficient price data
STI-WSB,Insufficient price data
PCGU,Insufficient price data
CHTRQ,Insufficient price data
AFA,Insufficient price data
SMRA,Insufficient price data
WIN,Insufficient price data
TUES,Insufficient price data
ELGX,Insufficient price data
MRLN,Insufficient price data
CBF,Insufficient price data
CSGKF,Insufficient price data
MERQ,Insufficient price data
CMLPSX,Insufficient price data
TRINL,Insufficient price data
CAA,"Invalid value '0' for dtype 'str'. Value should be a string or missing value, got 'int' instead."
TEUM,Insufficient price data
BONT,Insufficient price data
DXTR,Insufficient price data
NGLS$A,Insufficient price data
ZIOP,Insufficient price data
NEOT,Insufficient price data
TRXC,Insufficient price data
NETE,Insufficient price data
LBIX,Insufficient price data
INFI,Insufficient price data
MDA,Insufficient price data
SCX,Insufficient price data
OTIC,Insufficient price data
WPPGY,Insufficient price data
LNEGY,Insufficient price data
WTR,Insufficient price data
TCS,Insufficient price data
SGBK,Insufficient price data
SEH,Insufficient price data
BCR,Insufficient price data
ITEK,Insufficient price data
SPLS,Insufficient price data
NPSND,Insufficient price data
DD.PA,Insufficient price data
ORIT,Insufficient price data
EXXI,Insufficient price data
WFM,Insufficient price data
ARCI,Insufficient price data
RCM1,Insufficient price data
SRF,Insufficient price data
RBD,Insufficient price data
EURO,Insufficient price data
PHLD,Insufficient price data
SHPGF,Insufficient price data
RAS,Insufficient price data
CYTR,Insufficient price data
DGI,Insufficient price data
RAI,Insufficient price data
TEAR,Insufficient price data
AEZS,Insufficient price data
CBAY,Insufficient price data
FTR,Insufficient price data
HAST,Insufficient price data
ZN,Insufficient price data
ABDC,Insufficient price data
MBFI,Insufficient price data
ZNGA.SW,Insufficient price data
CIU,Insufficient price data
NMC,Insufficient price data
DSKY,Insufficient price data
SSU,Insufficient price data
BSMX,Insufficient price data
44,Insufficient price data
KMI-W,Insufficient price data
O-P,Insufficient price data
JCS,Insufficient price data
OKS,Insufficient price data
CST,Insufficient price data
CURT,Insufficient price data
TLLP,Insufficient price data
LXFT,Insufficient price data
CBPO,Insufficient price data
MCC,Insufficient price data
CCP,Insufficient price data
DNB1,Insufficient price data
CLSN,Insufficient price data
SLGC,Insufficient price data
MDC,Insufficient price data
WR,Insufficient price data
AINV,Insufficient price data
QTM,Insufficient price data
DEL,"Invalid value '0' for dtype 'str'. Value should be a string or missing value, got 'int' instead."
SNC,Insufficient price data
GTOMY,Insufficient price data
CLNS$A,Insufficient price data
JHB,Insufficient price data
JNS,Insufficient price data
COH,Insufficient price data
FNBC,Insufficient price data
OCN,Insufficient price data
CWEI,Insufficient price data
MJN,Insufficient price data
DALRQ,Insufficient price data
KMB-W,Insufficient price data
AEPPZ,Insufficient price data
CFG-P-E,Insufficient price data
VTR-W,Insufficient price data
DCUB,Insufficient price data
DCUA,Insufficient price data
LCI,Insufficient price data
SZYM,Insufficient price data
CEB,Insufficient price data
PRXL,Insufficient price data
AIRM,Insufficient price data
AGU,Insufficient price data
WETF,Insufficient price data
TLRD,Insufficient price data
ENDG,Insufficient price data
AMP1,Insufficient price data
VSAR,Insufficient price data
MLPI,Insufficient price data
OSCA,Insufficient price data
LLTC,Insufficient price data
AGN1,Insufficient price data
UCI1,Insufficient price data
DTSI,Insufficient price data
EPTG,Insufficient price data
FCGYF,Insufficient price data
ALOG,"Invalid value '0' for dtype 'str'. Value should be a string or missing value, got 'int' instead."
CDORP,Insufficient price data
ION1,Insufficient price data
BCOM,Insufficient price data
DST,"Invalid value '0' for dtype 'str'. Value should be a string or missing value, got 'int' instead."
AQFH,Insufficient price data
SXL,Insufficient price data
BABY,Insufficient price data
SHO-P-I,Insufficient price data
NEE.PC,Insufficient price data
EXPR,Insufficient price data
FFKT,"Invalid value '0' for dtype 'str'. Value should be a string or missing value, got 'int' instead."
VCA,Insufficient price data
ISIL,Insufficient price data
DATE,Insufficient price data
IMGN,Insufficient price data
WFT,Insufficient price data
CLMS,Insufficient price data
MGU,Insufficient price data
PLM,Insufficient price data
DEST,Insufficient price data
ISDR,Insufficient price data
NSR,Insufficient price data
MAXD,Insufficient price data
IXYS,Insufficient price data
FGP,Insufficient price data
TGP,Insufficient price data
HBHC,Insufficient price data
IM,Insufficient price data
DRYS,Insufficient price data
EGN,"Invalid value '0' for dtype 'str'. Value should be a string or missing value, got 'int' instead."
NEE.PRI,Insufficient price data
SCTY,Insufficient price data
SLNT,Insufficient price data
JCP,Insufficient price data
CAB,Insufficient price data
ACAS,Insufficient price data
DPM,Insufficient price data
NHF,Insufficient price data
BACWSA,Insufficient price data
IQNT,Insufficient price data
ACE,Insufficient price data
SYRG,Insufficient price data
AHLS,Insufficient price data
BH1,Insufficient price data
ITAH,Insufficient price data
ENH,Insufficient price data
CONXW,Insufficient price data
SNI,Insufficient price data
UNRDY,Insufficient price data
NSAM,Insufficient price data
SEAL-P-A,Insufficient price data
BUNT,Insufficient price data
OCLS,Insufficient price data
DIISY,Insufficient price data
MDVN,Insufficient price data
BPAC,Insufficient price data
RNET,Insufficient price data
TYC,Insufficient price data
HYH,Insufficient price data
STON,Insufficient price data
ELRC,Insufficient price data
XRSC,Insufficient price data
QIHU,Insufficient price data
ICAD,Insufficient price data
AXLL,Insufficient price data
MRKT,Insufficient price data
APY-W,Insufficient price data
ANBC,Insufficient price data
DL1,Insufficient price data
JAZA,Insufficient price data
TECO,Insufficient price data
GAS,Insufficient price data
GG,Insufficient price data
SLW,Insufficient price data
PLGTF,Insufficient price data
UA.C,Insufficient price data
CPGX,Insufficient price data
AGS,Insufficient price data
LNDC,Insufficient price data
LNKD,Insufficient price data
RBZ,Insufficient price data
MON,Insufficient price data
STJ,Insufficient price data
LNCE,"Invalid value '0' for dtype 'str'. Value should be a string or missing value, got 'int' instead."
B1W8P14,Insufficient price data
BLM7FC2,Insufficient price data
B13WZ26,Insufficient price data
CAFD,"Invalid value '0' for dtype 'str'. Value should be a string or missing value, got 'int' instead."
RAVN,Insufficient price data
FLTX,Insufficient price data
MXWL,Insufficient price data
SSNI,Insufficient price data
AILP,Insufficient price data
BXLT,Insufficient price data
NLC,Insufficient price data
BIN,Insufficient price data
IRLBF,Insufficient price data
ARG,Insufficient price data
NRF,Insufficient price data
NRE,Insufficient price data
TWC,Insufficient price data
RDC,Insufficient price data
CAFN,Insufficient price data
KKD,Insufficient price data
BNNY,Insufficient price data
SYT,Insufficient price data
ITI,Insufficient price data
DRII,Insufficient price data
UALAQ,Insufficient price data
XER.BE,Insufficient price data
LPI,Insufficient price data
2,Insufficient price data
SSW,Insufficient price data
BKJAY,Insufficient price data
VLRX1,Insufficient price data
LMCK,Insufficient price data
WAK,Insufficient price data
OAS,Insufficient price data
BRFS,Insufficient price data
UNCA,Insufficient price data
DUE 07/01/25,Insufficient price data
DUE 12/01/29,Insufficient price data
ELAS,Insufficient price data
NPAB,Insufficient price data
PHH,Insufficient price data
SHOS,Insufficient price data
OTRK,Insufficient price data
AKIC,Insufficient price data
ASCMA,Insufficient price data
NHLD,Insufficient price data
PFIN,Insufficient price data
TDCX,Insufficient price data
ADT.F,Insufficient price data
FTI1,Insufficient price data
PENX,Insufficient price data
UCP,Insufficient price data
RMBL,Insufficient price data
REIS,"Invalid value '0' for dtype 'str'. Value should be a string or missing value, got 'int' instead."
TXI,Insufficient price data
AIDA1,Insufficient price data
ASVI,Insufficient price data
GSP1,Insufficient price data
PCP,Insufficient price data
FCS,Insufficient price data
VSTO,Insufficient price data
ALR,Insufficient price data
UBSH,Insufficient price data
FMER,Insufficient price data
CHMT,Insufficient price data
HMHC,Insufficient price data
SJI,Insufficient price data
AEL,Insufficient price data
LTXB,Insufficient price data
UBIX,Insufficient price data
UBNK,Insufficient price data
NASDAQ:WLTW,Insufficient price data
IPHS,Insufficient price data
BOT4J94,Insufficient price data
IMS,Insufficient price data
DWTI,Insufficient price data
RRMS,Insufficient price data
XPOI,Insufficient price data
BCEI,Insufficient price data
TRON1,Insufficient price data
HTLF,Insufficient price data
MWE,Insufficient price data
^MWE,Insufficient price data
NST,Insufficient price data
MIXT,Insufficient price data
EXTN,Insufficient price data
AVG,Insufficient price data
GMCR,Insufficient price data
B1WSP14,Insufficient price data
QUNR,Insufficient price data
CVSL,Insufficient price data
HSC,Insufficient price data
HCBK,Insufficient price data
ASAM1,Insufficient price data
CPPL,Insufficient price data
ASW,Insufficient price data
VRX,Insufficient price data
WSH,Insufficient price data
CMLP,Insufficient price data
FTBXL,Insufficient price data
CVC,Insufficient price data
JDD,Insufficient price data
SLH,Insufficient price data
XLS,Insufficient price data
DUE 12/01/27,Insufficient price data
LB1,Insufficient price data
CIT,Insufficient price data
QLIK,Insufficient price data
FDML,Insufficient price data
DUE 04/01/27,Insufficient price data
OCR,Insufficient price data
DUE 07/01/27,Insufficient price data
SPNC,Insufficient price data
CHLKF,Insufficient price data
AMRI,Insufficient price data
CLEU,Insufficient price data
USB$N,Insufficient price data
CTCT,Insufficient price data
HMSY,Insufficient price data
TTFS,Insufficient price data
OMN,Insufficient price data
TFM,Insufficient price data
SVU,"Invalid value '0' for dtype 'str'. Value should be a string or missing value, got 'int' instead."
VNR,Insufficient price data
TLSRP,Insufficient price data
SBUX.SW,Insufficient price data
CTRX,Insufficient price data
UPL,Insufficient price data
KRFT,Insufficient price data
ALTR,Insufficient price data
ATML,Insufficient price data
CVG,"Invalid value '0' for dtype 'str'. Value should be a string or missing value, got 'int' instead."
CTFS PARTN,Insufficient price data
LO,Insufficient price data
BUNT.RP,Insufficient price data
OCFT,Insufficient price data
MNTA,Insufficient price data
BRGYY,Insufficient price data
CLI,Insufficient price data
GMT,Insufficient price data
BITA,Insufficient price data
CRZO,Insufficient price data
INFA,Insufficient price data
WX,Insufficient price data
AMAG,Insufficient price data
RCPT,Insufficient price data
ADVS,Insufficient price data
ISIS,Insufficient price data
HPY,Insufficient price data
JOY,Insufficient price data
GBTZY,Insufficient price data
DO,Insufficient price data
YY,Insufficient price data
DNR,Insufficient price data
SGMA,Insufficient price data
CAW,Insufficient price data
ROVI,Insufficient price data
PNRA,Insufficient price data
GVP,Insufficient price data
GCAP,Insufficient price data
SNR,Insufficient price data
SXE,Insufficient price data
PMFG,Insufficient price data
ACTV1,Insufficient price data
^RGP,Insufficient price data
UNT,Insufficient price data
IGT,Insufficient price data
FOEAF,Insufficient price data
CYT,Insufficient price data
FOE,Insufficient price data
B0T4J94,Insufficient price data
MITY,Insufficient price data
JMG,Insufficient price data
MGI,Insufficient price data
MACM,Insufficient price data
DHOM,Insufficient price data
NXTM,Insufficient price data
RYL,Insufficient price data
BN7Q3G8,Insufficient price data
BLT,Insufficient price data
DD1,Insufficient price data
WGL,"Invalid value '0' for dtype 'str'. Value should be a string or missing value, got 'int' instead."
MRD,Insufficient price data
XL,Insufficient price data
ZU,Insufficient price data
CCLP,Insufficient price data
XLS.WI,Insufficient price data
PETM,Insufficient price data
APL,Insufficient price data
INRD,Insufficient price data
TASR,Insufficient price data
AMSG,Insufficient price data
SWI,Insufficient price data
PLKI,Insufficient price data
SQI,Insufficient price data
TYPE,Insufficient price data
CYBX,Insufficient price data
VSI,Insufficient price data
DFRG,Insufficient price data
IPCM,Insufficient price data
CMN,Insufficient price data
TUMI,Insufficient price data
ABCO,Insufficient price data
TNGO,Insufficient price data
LOCK,Insufficient price data
EPAY,Insufficient price data
SGY,Insufficient price data
MFRM,Insufficient price data
FMBI,Insufficient price data
CCLN,Insufficient price data
ACMP,Insufficient price data
RUK,Insufficient price data
MCDT,Insufficient price data
EVRI,Insufficient price data
MTU,Insufficient price data
APXI,Insufficient price data
APAGF,Insufficient price data
DTV,Insufficient price data
EEI,Insufficient price data
COV,Insufficient price data
BMBLY,Insufficient price data
PTNR,Insufficient price data
NYSE: COV,Insufficient price data
SBMRY,Insufficient price data
CIOXY,Insufficient price data
ATU,Insufficient price data
AKCPF,Insufficient price data
VLKPY,Insufficient price data
URIRP,Insufficient price data
ENERQ,Insufficient price data
DRAD,Insufficient price data
VPFG,Insufficient price data
CVD,Insufficient price data
HOSPIC,Insufficient price data
LNCO,Insufficient price data
BYI,Insufficient price data
HGH,Insufficient price data
ANTE,Insufficient price data
CIR,Insufficient price data
CEA,Insufficient price data
ONVO,Insufficient price data
AMH1,Insufficient price data
WWAV,Insufficient price data
ATHL,Insufficient price data
MWIV,Insufficient price data
KATE,Insufficient price data
SAPE,Insufficient price data
UNTD1,Insufficient price data
PLI1,Insufficient price data
ELX,Insufficient price data
SFLY,Insufficient price data
ARCP,Insufficient price data
COF.PP,Insufficient price data
STO,Insufficient price data
AREX,Insufficient price data
MXA,Insufficient price data
NES,Insufficient price data
UCIA,Insufficient price data
MEMP,Insufficient price data
USB.PN,Insufficient price data
INF,Insufficient price data
LNXW,"Invalid value '0' for dtype 'str'. Value should be a string or missing value, got 'int' instead."
FUR,Insufficient price data
HBAYF,Insufficient price data
SPGYF,Insufficient price data
ENZY,Insufficient price data
GSJK,Insufficient price data
VTTI,Insufficient price data
WAG,Insufficient price data
WLP,Insufficient price data
OSRN DE,Insufficient price data
LGP,Insufficient price data
RRD,Insufficient price data
FDO,Insufficient price data
RIGP,Insufficient price data
PGH,"Invalid value '0' for dtype 'str'. Value should be a string or missing value, got 'int' instead."
HUB.B,Insufficient price data
MDP,Insufficient price data
TMST,Insufficient price data
WIFI,Insufficient price data
NTI,Insufficient price data
QRE,Insufficient price data
PWE,Insufficient price data
SUSS,Insufficient price data
ININ,Insufficient price data
RNDY,Insufficient price data
FNSR,Insufficient price data
ROC,Insufficient price data
JOSB,Insufficient price data
CMO,Insufficient price data
TTM-R,Insufficient price data
HTEI,Insufficient price data
DOM,Insufficient price data
CCCGY,Insufficient price data
KMR,Insufficient price data
PEGFF,Insufficient price data
TCK,Insufficient price data
GNC,Insufficient price data
CPE$A,Insufficient price data
PPR,Insufficient price data
MR1,Insufficient price data
GIMO,Insufficient price data
SJR,Insufficient price data
BRCD,Insufficient price data
TSO,Insufficient price data
TRW,Insufficient price data
ONNN,Insufficient price data
MHFI,Insufficient price data
CFN,Insufficient price data
KMP,Insufficient price data
APOL,Insufficient price data
ZMH,Insufficient price data
WNR,Insufficient price data
ECIFY,Insufficient price data
SWAY,Insufficient price data
B5NC0D0,Insufficient price data
HTS,Insufficient price data
YHOO,Insufficient price data
LDR,Insufficient price data
CPSI,Insufficient price data
MWO,Insufficient price data
STNLW,Insufficient price data
ROSE,Insufficient price data
EVEP,Insufficient price data
SUSQ,Insufficient price data
FSFR,Insufficient price data
VODPD,Insufficient price data
ORBC,Insufficient price data
RGIDQ,Insufficient price data
EFTD,Insufficient price data
ELNK,Insufficient price data
HSKA,Insufficient price data
ALTR1,Insufficient price data
ANR,Insufficient price data
ERA,Insufficient price data
GFIG,Insufficient price data
PDLI,Insufficient price data
FES,Insufficient price data
JPJQL,Insufficient price data
3%,Insufficient price data
SUSP,Insufficient price data
EEP,"Invalid value '0' for dtype 'str'. Value should be a string or missing value, got 'int' instead."
EEQ,"Invalid value '0' for dtype 'str'. Value should be a string or missing value, got 'int' instead."
MOG.A,Insufficient price data
BBRY,Insufficient price data
MIE,Insufficient price data
JMF,Insufficient price data
CEN,Insufficient price data
MEAS,Insufficient price data
MRH,Insufficient price data
CTY,Insufficient price data
BBEP,Insufficient price data
HNZ,Insufficient price data
LLTI,Insufficient price data
NTRI,Insufficient price data
WCRX,Insufficient price data
GMXRQ,Insufficient price data
EP$C,Insufficient price data
